trial_id,participant_id,scenario_id,density,nback,brake_extrema_count,brake_reapplication_count,brake_derivative_sign_changes,steering_reversals_count,steering_rate_sign_changes
density_0_nback_0_id_1,1,density_0_nback_0,0,0,3,0,7,89,112
density_0_nback_1_id_1,1,density_0_nback_1,0,1,5,1,23,94,101
density_0_nback_2_id_1,1,density_0_nback_2,0,2,2,0,6,110,152
density_10_nback_0_id_1,1,density_10_nback_0,10,0,3,5,15,71,99
density_10_nback_1_id_1,1,density_10_nback_1,10,1,3,1,6,83,225
density_10_nback_2_id_1,1,density_10_nback_2,10,2,3,1,11,99,110
density_20_nback_0_id_1,1,density_20_nback_0,20,0,1,0,3,234,255
density_20_nback_1_id_1,1,density_20_nback_1,20,1,7,10,31,67,110
density_20_nback_2_id_1,1,density_20_nback_2,20,2,3,0,10,4,229
density_0_nback_0_id_2,2,density_0_nback_0,0,0,2,0,8,78,99
density_0_nback_1_id_2,2,density_0_nback_1,0,1,2,1,3,75,93
density_0_nback_2_id_2,2,density_0_nback_2,0,2,3,3,14,118,167
density_10_nback_0_id_2,2,density_10_nback_0,10,0,2,3,16,34,47
density_10_nback_1_id_2,2,density_10_nback_1,10,1,3,0,10,43,174
density_10_nback_2_id_2,2,density_10_nback_2,10,2,4,4,11,84,89
density_20_nback_0_id_2,2,density_20_nback_0,20,0,2,0,12,215,230
density_20_nback_1_id_2,2,density_20_nback_1,20,1,5,4,11,39,62
density_20_nback_2_id_2,2,density_20_nback_2,20,2,5,5,17,15,259
density_0_nback_0_id_3,3,density_0_nback_0,0,0,2,1,5,90,110
density_0_nback_1_id_3,3,density_0_nback_1,0,1,0,0,0,69,73
density_0_nback_2_id_3,3,density_0_nback_2,0,2,1,0,5,97,139
density_10_nback_0_id_3,3,density_10_nback_0,10,0,1,3,10,66,87
density_10_nback_1_id_3,3,density_10_nback_1,10,1,2,0,5,44,201
density_10_nback_2_id_3,3,density_10_nback_2,10,2,2,3,21,75,104
density_20_nback_0_id_3,3,density_20_nback_0,20,0,5,3,9,141,161
density_20_nback_1_id_3,3,density_20_nback_1,20,1,6,5,16,31,54
density_20_nback_2_id_3,3,density_20_nback_2,20,2,3,2,8,12,139
density_0_nback_0_id_4,4,density_0_nback_0,0,0,2,1,5,89,106
density_0_nback_1_id_4,4,density_0_nback_1,0,1,0,0,0,110,116
density_0_nback_2_id_4,4,density_0_nback_2,0,2,1,0,4,82,138
density_10_nback_0_id_4,4,density_10_nback_0,10,0,2,1,9,64,84
density_10_nback_1_id_4,4,density_10_nback_1,10,1,3,1,7,34,163
density_10_nback_2_id_4,4,density_10_nback_2,10,2,4,3,11,68,77
density_20_nback_0_id_4,4,density_20_nback_0,20,0,1,0,1,222,235
density_20_nback_1_id_4,4,density_20_nback_1,20,1,2,0,36,40,77
density_20_nback_2_id_4,4,density_20_nback_2,20,2,2,1,5,18,169
density_0_nback_0_id_5,5,density_0_nback_0,0,0,2,2,9,23,39
density_0_nback_1_id_5,5,density_0_nback_1,0,1,2,0,3,117,117
density_0_nback_2_id_5,5,density_0_nback_2,0,2,5,5,21,70,202
density_10_nback_0_id_5,5,density_10_nback_0,10,0,4,10,13,45,71
density_10_nback_1_id_5,5,density_10_nback_1,10,1,2,0,13,72,229
density_10_nback_2_id_5,5,density_10_nback_2,10,2,4,3,21,56,72
density_20_nback_0_id_5,5,density_20_nback_0,20,0,4,1,18,230,241
density_20_nback_1_id_5,5,density_20_nback_1,20,1,6,8,37,133,177
density_20_nback_2_id_5,5,density_20_nback_2,20,2,4,2,10,20,246
density_0_nback_0_id_6,6,density_0_nback_0,0,0,2,2,9,60,77
density_0_nback_1_id_6,6,density_0_nback_1,0,1,2,0,3,89,92
density_0_nback_2_id_6,6,density_0_nback_2,0,2,3,3,9,105,160
density_10_nback_0_id_6,6,density_10_nback_0,10,0,8,11,40,43,60
density_10_nback_1_id_6,6,density_10_nback_1,10,1,5,3,14,92,220
density_10_nback_2_id_6,6,density_10_nback_2,10,2,6,5,31,39,61
density_20_nback_0_id_6,6,density_20_nback_0,20,0,7,3,65,198,210
density_20_nback_1_id_6,6,density_20_nback_1,20,1,5,3,15,46,71
density_20_nback_2_id_6,6,density_20_nback_2,20,2,3,3,37,24,266
density_0_nback_0_id_7,7,density_0_nback_0,0,0,2,1,3,57,77
density_0_nback_1_id_7,7,density_0_nback_1,0,1,1,0,0,88,92
density_0_nback_2_id_7,7,density_0_nback_2,0,2,2,0,11,97,154
density_10_nback_0_id_7,7,density_10_nback_0,10,0,3,3,12,53,65
density_10_nback_1_id_7,7,density_10_nback_1,10,1,2,0,5,68,201
density_10_nback_2_id_7,7,density_10_nback_2,10,2,3,1,15,66,84
density_20_nback_0_id_7,7,density_20_nback_0,20,0,2,0,3,197,213
density_20_nback_1_id_7,7,density_20_nback_1,20,1,4,5,9,44,68
density_20_nback_2_id_7,7,density_20_nback_2,20,2,6,4,18,7,264
density_0_nback_0_id_8,8,density_0_nback_0,0,0,1,0,5,70,93
density_0_nback_1_id_8,8,density_0_nback_1,0,1,1,0,2,118,118
density_0_nback_2_id_8,8,density_0_nback_2,0,2,2,0,12,53,142
density_10_nback_0_id_8,8,density_10_nback_0,10,0,3,6,10,26,42
density_10_nback_1_id_8,8,density_10_nback_1,10,1,4,0,16,109,149
density_10_nback_2_id_8,8,density_10_nback_2,10,2,6,5,13,83,91
density_20_nback_0_id_8,8,density_20_nback_0,20,0,2,2,4,209,228
density_20_nback_1_id_8,8,density_20_nback_1,20,1,4,3,7,61,88
density_20_nback_2_id_8,8,density_20_nback_2,20,2,6,6,15,12,268
density_0_nback_0_id_9,9,density_0_nback_0,0,0,2,1,10,73,89
density_0_nback_1_id_9,9,density_0_nback_1,0,1,1,0,0,89,94
density_0_nback_2_id_9,9,density_0_nback_2,0,2,1,0,5,138,186
density_10_nback_0_id_9,9,density_10_nback_0,10,0,2,1,25,20,47
density_10_nback_1_id_9,9,density_10_nback_1,10,1,3,1,12,82,190
density_10_nback_2_id_9,9,density_10_nback_2,10,2,3,2,11,55,80
density_20_nback_0_id_9,9,density_20_nback_0,20,0,2,0,3,213,217
density_20_nback_1_id_9,9,density_20_nback_1,20,1,4,2,24,29,80
density_20_nback_2_id_9,9,density_20_nback_2,20,2,8,7,91,65,262
density_0_nback_0_id_10,10,density_0_nback_0,0,0,2,4,6,71,84
density_0_nback_1_id_10,10,density_0_nback_1,0,1,2,0,3,125,127
density_0_nback_2_id_10,10,density_0_nback_2,0,2,4,2,15,64,173
density_10_nback_0_id_10,10,density_10_nback_0,10,0,10,11,29,35,55
density_10_nback_1_id_10,10,density_10_nback_1,10,1,2,0,7,85,138
density_10_nback_2_id_10,10,density_10_nback_2,10,2,6,4,17,44,55
density_20_nback_0_id_10,10,density_20_nback_0,20,0,3,1,6,213,221
density_20_nback_1_id_10,10,density_20_nback_1,20,1,11,11,24,26,79
density_20_nback_2_id_10,10,density_20_nback_2,20,2,5,2,16,10,204
density_0_nback_0_id_11,11,density_0_nback_0,0,0,2,0,5,68,82
density_0_nback_1_id_11,11,density_0_nback_1,0,1,1,0,0,139,143
density_0_nback_2_id_11,11,density_0_nback_2,0,2,3,7,13,119,189
density_10_nback_0_id_11,11,density_10_nback_0,10,0,7,8,25,42,60
density_10_nback_1_id_11,11,density_10_nback_1,10,1,5,3,15,81,204
density_10_nback_2_id_11,11,density_10_nback_2,10,2,6,4,17,36,60
density_20_nback_0_id_11,11,density_20_nback_0,20,0,4,1,8,224,235
density_20_nback_1_id_11,11,density_20_nback_1,20,1,3,0,14,33,58
density_20_nback_2_id_11,11,density_20_nback_2,20,2,5,4,12,19,238
density_0_nback_0_id_12,12,density_0_nback_0,0,0,2,1,3,73,85
density_0_nback_1_id_12,12,density_0_nback_1,0,1,1,0,2,138,143
density_0_nback_2_id_12,12,density_0_nback_2,0,2,1,0,8,131,183
density_10_nback_0_id_12,12,density_10_nback_0,10,0,5,9,15,39,59
density_10_nback_1_id_12,12,density_10_nback_1,10,1,4,5,11,98,165
density_10_nback_2_id_12,12,density_10_nback_2,10,2,5,8,28,44,59
density_20_nback_0_id_12,12,density_20_nback_0,20,0,4,2,14,203,217
density_20_nback_1_id_12,12,density_20_nback_1,20,1,2,1,16,27,51
density_20_nback_2_id_12,12,density_20_nback_2,20,2,2,0,9,7,239
density_0_nback_0_id_13,13,density_0_nback_0,0,0,1,0,6,69,90
density_0_nback_1_id_13,13,density_0_nback_1,0,1,1,0,0,96,99
density_0_nback_2_id_13,13,density_0_nback_2,0,2,2,0,6,89,148
density_10_nback_0_id_13,13,density_10_nback_0,10,0,3,4,13,32,49
density_10_nback_1_id_13,13,density_10_nback_1,10,1,3,1,6,71,199
density_10_nback_2_id_13,13,density_10_nback_2,10,2,5,3,17,52,64
density_20_nback_0_id_13,13,density_20_nback_0,20,0,4,1,9,175,181
density_20_nback_1_id_13,13,density_20_nback_1,20,1,4,6,15,33,52
density_20_nback_2_id_13,13,density_20_nback_2,20,2,5,8,31,18,264
density_0_nback_0_id_14,14,density_0_nback_0,0,0,3,3,7,59,67
density_0_nback_1_id_14,14,density_0_nback_1,0,1,2,0,3,128,128
density_0_nback_2_id_14,14,density_0_nback_2,0,2,1,0,1,165,177
density_10_nback_0_id_14,14,density_10_nback_0,10,0,4,4,7,32,43
density_10_nback_1_id_14,14,density_10_nback_1,10,1,2,0,5,15,133
density_10_nback_2_id_14,14,density_10_nback_2,10,2,3,3,10,54,65
density_20_nback_0_id_14,14,density_20_nback_0,20,0,2,0,5,133,142
density_20_nback_1_id_14,14,density_20_nback_1,20,1,5,2,14,48,66
density_20_nback_2_id_14,14,density_20_nback_2,20,2,3,2,5,18,143
density_0_nback_0_id_15,15,density_0_nback_0,0,0,4,2,9,95,107
density_0_nback_1_id_15,15,density_0_nback_1,0,1,3,1,7,81,84
density_0_nback_2_id_15,15,density_0_nback_2,0,2,2,0,9,97,163
density_10_nback_0_id_15,15,density_10_nback_0,10,0,7,4,28,46,56
density_10_nback_1_id_15,15,density_10_nback_1,10,1,2,1,11,79,189
density_10_nback_2_id_15,15,density_10_nback_2,10,2,4,1,18,54,69
density_20_nback_0_id_15,15,density_20_nback_0,20,0,4,2,11,227,252
density_20_nback_1_id_15,15,density_20_nback_1,20,1,11,8,34,41,89
density_20_nback_2_id_15,15,density_20_nback_2,20,2,8,7,15,31,251
density_0_nback_0_id_16,16,density_0_nback_0,0,0,1,0,1,74,91
density_0_nback_1_id_16,16,density_0_nback_1,0,1,3,1,9,89,89
density_0_nback_2_id_16,16,density_0_nback_2,0,2,1,0,4,82,177
density_10_nback_0_id_16,16,density_10_nback_0,10,0,5,5,41,46,75
density_10_nback_1_id_16,16,density_10_nback_1,10,1,3,0,7,114,188
density_10_nback_2_id_16,16,density_10_nback_2,10,2,6,5,17,46,62
density_20_nback_0_id_16,16,density_20_nback_0,20,0,2,0,3,227,241
density_20_nback_1_id_16,16,density_20_nback_1,20,1,2,3,9,40,67
density_20_nback_2_id_16,16,density_20_nback_2,20,2,7,6,17,5,259
density_0_nback_0_id_17,17,density_0_nback_0,0,0,2,2,6,69,83
density_0_nback_1_id_17,17,density_0_nback_1,0,1,4,1,9,88,97
density_0_nback_2_id_17,17,density_0_nback_2,0,2,2,0,27,136,168
density_10_nback_0_id_17,17,density_10_nback_0,10,0,7,10,31,30,50
density_10_nback_1_id_17,17,density_10_nback_1,10,1,5,1,15,74,182
density_10_nback_2_id_17,17,density_10_nback_2,10,2,5,5,21,33,55
density_20_nback_0_id_17,17,density_20_nback_0,20,0,3,1,5,221,225
density_20_nback_1_id_17,17,density_20_nback_1,20,1,4,3,15,56,71
density_20_nback_2_id_17,17,density_20_nback_2,20,2,6,8,17,10,209
density_0_nback_0_id_18,18,density_0_nback_0,0,0,2,1,11,75,89
density_0_nback_1_id_18,18,density_0_nback_1,0,1,1,0,0,107,108
density_0_nback_2_id_18,18,density_0_nback_2,0,2,1,0,5,95,135
density_10_nback_0_id_18,18,density_10_nback_0,10,0,3,4,13,27,46
density_10_nback_1_id_18,18,density_10_nback_1,10,1,3,0,23,92,211
density_10_nback_2_id_18,18,density_10_nback_2,10,2,5,3,25,91,111
density_20_nback_0_id_18,18,density_20_nback_0,20,0,3,0,5,206,221
density_20_nback_1_id_18,18,density_20_nback_1,20,1,4,1,15,30,71
density_20_nback_2_id_18,18,density_20_nback_2,20,2,4,3,10,39,281
density_0_nback_0_id_19,19,density_0_nback_0,0,0,1,0,1,85,97
density_0_nback_1_id_19,19,density_0_nback_1,0,1,2,0,3,87,90
density_0_nback_2_id_19,19,density_0_nback_2,0,2,1,0,6,118,201
density_10_nback_0_id_19,19,density_10_nback_0,10,0,3,3,25,69,113
density_10_nback_1_id_19,19,density_10_nback_1,10,1,3,1,12,90,192
density_10_nback_2_id_19,19,density_10_nback_2,10,2,5,4,16,81,106
density_20_nback_0_id_19,19,density_20_nback_0,20,0,3,1,5,234,249
density_20_nback_1_id_19,19,density_20_nback_1,20,1,4,4,13,34,70
density_20_nback_2_id_19,19,density_20_nback_2,20,2,7,5,15,9,266
density_0_nback_0_id_20,20,density_0_nback_0,0,0,1,0,5,63,86
density_0_nback_1_id_20,20,density_0_nback_1,0,1,1,0,0,132,132
density_0_nback_2_id_20,20,density_0_nback_2,0,2,6,10,36,28,132
density_10_nback_0_id_20,20,density_10_nback_0,10,0,5,14,27,42,62
density_10_nback_1_id_20,20,density_10_nback_1,10,1,3,2,12,128,177
density_10_nback_2_id_20,20,density_10_nback_2,10,2,5,22,11,50,60
density_20_nback_0_id_20,20,density_20_nback_0,20,0,5,2,10,229,237
density_20_nback_1_id_20,20,density_20_nback_1,20,1,10,9,26,88,130
density_20_nback_2_id_20,20,density_20_nback_2,20,2,7,6,53,32,245
density_0_nback_0_id_21,21,density_0_nback_0,0,0,2,1,7,53,65
density_0_nback_1_id_21,21,density_0_nback_1,0,1,2,0,3,94,98
density_0_nback_2_id_21,21,density_0_nback_2,0,2,2,5,11,117,182
density_10_nback_0_id_21,21,density_10_nback_0,10,0,4,3,21,58,79
density_10_nback_1_id_21,21,density_10_nback_1,10,1,2,0,5,83,199
density_10_nback_2_id_21,21,density_10_nback_2,10,2,12,13,29,142,160
density_20_nback_0_id_21,21,density_20_nback_0,20,0,2,1,5,206,234
density_20_nback_1_id_21,21,density_20_nback_1,20,1,3,3,7,52,94
density_20_nback_2_id_21,21,density_20_nback_2,20,2,8,6,17,11,252
density_0_nback_0_id_22,22,density_0_nback_0,0,0,1,1,4,56,74
density_0_nback_1_id_22,22,density_0_nback_1,0,1,4,0,9,117,118
density_0_nback_2_id_22,22,density_0_nback_2,0,2,2,0,9,137,183
density_10_nback_0_id_22,22,density_10_nback_0,10,0,3,4,19,62,93
density_10_nback_1_id_22,22,density_10_nback_1,10,1,2,0,5,41,176
density_10_nback_2_id_22,22,density_10_nback_2,10,2,4,3,15,61,83
density_20_nback_0_id_22,22,density_20_nback_0,20,0,2,1,5,135,144
density_20_nback_1_id_22,22,density_20_nback_1,20,1,3,2,11,33,53
density_20_nback_2_id_22,22,density_20_nback_2,20,2,5,4,10,9,165
density_0_nback_0_id_23,23,density_0_nback_0,0,0,1,0,6,56,77
density_0_nback_1_id_23,23,density_0_nback_1,0,1,1,0,0,101,102
density_0_nback_2_id_23,23,density_0_nback_2,0,2,3,2,6,108,177
density_10_nback_0_id_23,23,density_10_nback_0,10,0,9,7,25,34,58
density_10_nback_1_id_23,23,density_10_nback_1,10,1,3,1,9,66,212
density_10_nback_2_id_23,23,density_10_nback_2,10,2,6,5,25,48,65
density_20_nback_0_id_23,23,density_20_nback_0,20,0,3,1,7,224,232
density_20_nback_1_id_23,23,density_20_nback_1,20,1,6,5,17,52,73
density_20_nback_2_id_23,23,density_20_nback_2,20,2,7,4,24,26,264
density_0_nback_0_id_24,24,density_0_nback_0,0,0,2,1,3,66,85
density_0_nback_1_id_24,24,density_0_nback_1,0,1,1,0,0,107,107
density_0_nback_2_id_24,24,density_0_nback_2,0,2,2,0,5,75,158
density_10_nback_0_id_24,24,density_10_nback_0,10,0,3,2,12,40,69
density_10_nback_1_id_24,24,density_10_nback_1,10,1,3,2,18,72,151
density_10_nback_2_id_24,24,density_10_nback_2,10,2,5,4,15,60,66
density_20_nback_0_id_24,24,density_20_nback_0,20,0,3,1,10,227,240
density_20_nback_1_id_24,24,density_20_nback_1,20,1,4,4,17,43,73
density_20_nback_2_id_24,24,density_20_nback_2,20,2,7,4,45,14,304
density_0_nback_0_id_25,25,density_0_nback_0,0,0,1,0,3,78,93
density_0_nback_1_id_25,25,density_0_nback_1,0,1,1,0,0,78,81
density_0_nback_2_id_25,25,density_0_nback_2,0,2,2,0,3,130,164
density_10_nback_0_id_25,25,density_10_nback_0,10,0,3,3,16,30,63
density_10_nback_1_id_25,25,density_10_nback_1,10,1,3,1,14,63,187
density_10_nback_2_id_25,25,density_10_nback_2,10,2,5,3,16,82,91
density_20_nback_0_id_25,25,density_20_nback_0,20,0,3,0,8,236,247
density_20_nback_1_id_25,25,density_20_nback_1,20,1,7,3,72,75,140
density_20_nback_2_id_25,25,density_20_nback_2,20,2,3,2,5,14,228
density_0_nback_0_id_26,26,density_0_nback_0,0,0,2,1,11,61,79
density_0_nback_1_id_26,26,density_0_nback_1,0,1,3,2,7,94,96
density_0_nback_2_id_26,26,density_0_nback_2,0,2,3,2,8,143,192
density_10_nback_0_id_26,26,density_10_nback_0,10,0,4,4,17,29,52
density_10_nback_1_id_26,26,density_10_nback_1,10,1,5,0,20,73,202
density_10_nback_2_id_26,26,density_10_nback_2,10,2,6,5,13,35,43
density_20_nback_0_id_26,26,density_20_nback_0,20,0,2,0,7,198,206
density_20_nback_1_id_26,26,density_20_nback_1,20,1,5,4,17,38,64
density_20_nback_2_id_26,26,density_20_nback_2,20,2,9,7,20,14,252
density_0_nback_0_id_27,27,density_0_nback_0,0,0,3,4,30,181,206
density_0_nback_1_id_27,27,density_0_nback_1,0,1,2,0,16,94,95
density_0_nback_2_id_27,27,density_0_nback_2,0,2,4,2,17,103,147
density_10_nback_0_id_27,27,density_10_nback_0,10,0,7,6,35,18,42
density_10_nback_1_id_27,27,density_10_nback_1,10,1,2,0,15,117,170
density_10_nback_2_id_27,27,density_10_nback_2,10,2,6,7,13,54,66
density_20_nback_0_id_27,27,density_20_nback_0,20,0,3,2,9,208,218
density_20_nback_1_id_27,27,density_20_nback_1,20,1,13,3,79,91,141
density_20_nback_2_id_27,27,density_20_nback_2,20,2,4,4,11,21,241
density_0_nback_0_id_28,28,density_0_nback_0,0,0,2,0,17,69,90
density_0_nback_1_id_28,28,density_0_nback_1,0,1,1,0,0,87,90
density_0_nback_2_id_28,28,density_0_nback_2,0,2,2,3,9,103,156
density_10_nback_0_id_28,28,density_10_nback_0,10,0,2,1,17,47,84
density_10_nback_1_id_28,28,density_10_nback_1,10,1,4,2,19,81,189
density_10_nback_2_id_28,28,density_10_nback_2,10,2,5,5,21,29,47
density_20_nback_0_id_28,28,density_20_nback_0,20,0,3,1,9,198,205
density_20_nback_1_id_28,28,density_20_nback_1,20,1,5,5,13,10,253
density_20_nback_2_id_28,28,density_20_nback_2,20,2,8,7,50,20,264
density_0_nback_0_id_29,29,density_0_nback_0,0,0,1,0,9,74,85
density_0_nback_1_id_29,29,density_0_nback_1,0,1,1,0,0,105,106
density_0_nback_2_id_29,29,density_0_nback_2,0,2,1,0,1,54,108
density_10_nback_0_id_29,29,density_10_nback_0,10,0,6,5,39,54,84
density_10_nback_1_id_29,29,density_10_nback_1,10,1,2,0,5,54,207
density_10_nback_2_id_29,29,density_10_nback_2,10,2,4,2,13,31,49
density_20_nback_0_id_29,29,density_20_nback_0,20,0,4,1,7,204,225
density_20_nback_1_id_29,29,density_20_nback_1,20,1,4,1,5,49,85
density_20_nback_2_id_29,29,density_20_nback_2,20,2,3,2,6,11,251
density_0_nback_0_id_30,30,density_0_nback_0,0,0,2,0,4,66,81
density_0_nback_1_id_30,30,density_0_nback_1,0,1,1,0,2,86,90
density_0_nback_2_id_30,30,density_0_nback_2,0,2,1,0,7,105,190
density_10_nback_0_id_30,30,density_10_nback_0,10,0,2,4,20,74,95
density_10_nback_1_id_30,30,density_10_nback_1,10,1,4,2,14,80,169
density_10_nback_2_id_30,30,density_10_nback_2,10,2,7,6,18,67,74
density_20_nback_0_id_30,30,density_20_nback_0,20,0,2,0,3,209,217
density_20_nback_1_id_30,30,density_20_nback_1,20,1,4,3,14,77,95
density_20_nback_2_id_30,30,density_20_nback_2,20,2,2,1,6,7,230
density_0_nback_0_id_31,31,density_0_nback_0,0,0,2,3,7,68,94
density_0_nback_1_id_31,31,density_0_nback_1,0,1,2,0,2,105,109
density_0_nback_2_id_31,31,density_0_nback_2,0,2,2,0,7,76,159
density_10_nback_0_id_31,31,density_10_nback_0,10,0,4,2,26,77,89
density_10_nback_1_id_31,31,density_10_nback_1,10,1,3,0,14,94,198
density_10_nback_2_id_31,31,density_10_nback_2,10,2,4,3,16,58,72
density_20_nback_0_id_31,31,density_20_nback_0,20,0,2,0,10,222,241
density_20_nback_1_id_31,31,density_20_nback_1,20,1,4,3,17,49,86
density_20_nback_2_id_31,31,density_20_nback_2,20,2,6,6,24,20,252
density_0_nback_0_id_32,32,density_0_nback_0,0,0,3,2,9,47,60
density_0_nback_1_id_32,32,density_0_nback_1,0,1,3,1,5,82,88
density_0_nback_2_id_32,32,density_0_nback_2,0,2,3,4,10,124,170
density_10_nback_0_id_32,32,density_10_nback_0,10,0,7,10,23,40,49
density_10_nback_1_id_32,32,density_10_nback_1,10,1,5,2,12,61,175
density_10_nback_2_id_32,32,density_10_nback_2,10,2,9,10,25,91,97
density_20_nback_0_id_32,32,density_20_nback_0,20,0,4,1,16,223,240
density_20_nback_1_id_32,32,density_20_nback_1,20,1,4,4,10,45,73
density_20_nback_2_id_32,32,density_20_nback_2,20,2,9,5,21,18,236
density_0_nback_0_id_33,33,density_0_nback_0,0,0,2,1,7,52,72
density_0_nback_1_id_33,33,density_0_nback_1,0,1,3,1,5,96,98
density_0_nback_2_id_33,33,density_0_nback_2,0,2,2,2,5,83,119
density_10_nback_0_id_33,33,density_10_nback_0,10,0,10,11,32,82,108
density_10_nback_1_id_33,33,density_10_nback_1,10,1,6,3,17,81,182
density_10_nback_2_id_33,33,density_10_nback_2,10,2,7,5,17,36,56
density_20_nback_0_id_33,33,density_20_nback_0,20,0,3,1,14,212,232
density_20_nback_1_id_33,33,density_20_nback_1,20,1,5,4,16,31,66
density_20_nback_2_id_33,33,density_20_nback_2,20,2,7,7,25,8,256
density_0_nback_0_id_34,34,density_0_nback_0,0,0,1,0,5,72,87
density_0_nback_1_id_34,34,density_0_nback_1,0,1,2,0,12,92,92
density_0_nback_2_id_34,34,density_0_nback_2,0,2,1,0,5,90,134
density_10_nback_0_id_34,34,density_10_nback_0,10,0,6,5,21,29,60
density_10_nback_1_id_34,34,density_10_nback_1,10,1,4,0,12,81,178
density_10_nback_2_id_34,34,density_10_nback_2,10,2,3,2,27,45,57
density_20_nback_0_id_34,34,density_20_nback_0,20,0,3,1,5,207,222
density_20_nback_1_id_34,34,density_20_nback_1,20,1,5,6,17,28,51
density_20_nback_2_id_34,34,density_20_nback_2,20,2,6,5,16,10,230
density_0_nback_0_id_35,35,density_0_nback_0,0,0,2,1,5,51,67
density_0_nback_1_id_35,35,density_0_nback_1,0,1,0,0,0,68,69
density_0_nback_2_id_35,35,density_0_nback_2,0,2,4,5,10,124,162
density_10_nback_0_id_35,35,density_10_nback_0,10,0,3,4,16,33,48
density_10_nback_1_id_35,35,density_10_nback_1,10,1,3,0,7,86,181
density_10_nback_2_id_35,35,density_10_nback_2,10,2,4,3,15,49,61
density_20_nback_0_id_35,35,density_20_nback_0,20,0,2,0,2,202,210
density_20_nback_1_id_35,35,density_20_nback_1,20,1,4,6,11,34,60
density_20_nback_2_id_35,35,density_20_nback_2,20,2,7,5,19,8,235
density_0_nback_0_id_36,36,density_0_nback_0,0,0,3,3,7,185,201
density_0_nback_1_id_36,36,density_0_nback_1,0,1,1,0,0,96,97
density_0_nback_2_id_36,36,density_0_nback_2,0,2,2,0,9,90,179
density_10_nback_0_id_36,36,density_10_nback_0,10,0,5,11,12,92,112
density_10_nback_1_id_36,36,density_10_nback_1,10,1,4,1,10,73,187
density_10_nback_2_id_36,36,density_10_nback_2,10,2,7,5,12,68,84
density_20_nback_0_id_36,36,density_20_nback_0,20,0,3,1,11,209,225
density_20_nback_1_id_36,36,density_20_nback_1,20,1,4,2,6,23,55
density_20_nback_2_id_36,36,density_20_nback_2,20,2,3,2,5,17,152
density_0_nback_0_id_37,37,density_0_nback_0,0,0,1,0,4,89,98
density_0_nback_1_id_37,37,density_0_nback_1,0,1,0,0,0,113,123
density_0_nback_2_id_37,37,density_0_nback_2,0,2,2,0,14,104,190
density_10_nback_0_id_37,37,density_10_nback_0,10,0,4,6,16,30,54
density_10_nback_1_id_37,37,density_10_nback_1,10,1,2,0,5,76,189
density_10_nback_2_id_37,37,density_10_nback_2,10,2,2,1,14,50,55
density_20_nback_0_id_37,37,density_20_nback_0,20,0,1,0,4,214,226
density_20_nback_1_id_37,37,density_20_nback_1,20,1,4,5,12,25,69
density_20_nback_2_id_37,37,density_20_nback_2,20,2,3,0,12,15,233
density_0_nback_0_id_38,38,density_0_nback_0,0,0,2,1,5,39,55
density_0_nback_1_id_38,38,density_0_nback_1,0,1,2,0,4,118,120
density_0_nback_2_id_38,38,density_0_nback_2,0,2,1,0,7,87,186
density_10_nback_0_id_38,38,density_10_nback_0,10,0,8,10,24,82,117
density_10_nback_1_id_38,38,density_10_nback_1,10,1,3,1,6,72,199
density_10_nback_2_id_38,38,density_10_nback_2,10,2,4,3,28,54,61
density_20_nback_0_id_38,38,density_20_nback_0,20,0,2,0,3,204,209
density_20_nback_1_id_38,38,density_20_nback_1,20,1,5,2,24,54,100
density_20_nback_2_id_38,38,density_20_nback_2,20,2,2,2,8,19,269
density_0_nback_0_id_39,39,density_0_nback_0,0,0,3,2,21,57,72
density_0_nback_1_id_39,39,density_0_nback_1,0,1,3,2,5,90,91
density_0_nback_2_id_39,39,density_0_nback_2,0,2,3,2,10,132,165
density_10_nback_0_id_39,39,density_10_nback_0,10,0,3,4,14,60,85
density_10_nback_1_id_39,39,density_10_nback_1,10,1,3,3,10,87,172
density_10_nback_2_id_39,39,density_10_nback_2,10,2,7,6,19,77,101
density_20_nback_0_id_39,39,density_20_nback_0,20,0,5,3,33,227,240
density_20_nback_1_id_39,39,density_20_nback_1,20,1,10,12,94,53,104
density_20_nback_2_id_39,39,density_20_nback_2,20,2,19,8,124,78,289
density_0_nback_0_id_40,40,density_0_nback_0,0,0,1,0,1,80,96
density_0_nback_1_id_40,40,density_0_nback_1,0,1,2,0,13,122,123
density_0_nback_2_id_40,40,density_0_nback_2,0,2,2,0,41,112,143
density_10_nback_0_id_40,40,density_10_nback_0,10,0,2,1,41,25,41
density_10_nback_1_id_40,40,density_10_nback_1,10,1,3,1,22,39,214
density_10_nback_2_id_40,40,density_10_nback_2,10,2,2,0,21,46,52
density_20_nback_0_id_40,40,density_20_nback_0,20,0,2,1,17,219,222
density_20_nback_1_id_40,40,density_20_nback_1,20,1,3,2,24,12,46
density_20_nback_2_id_40,40,density_20_nback_2,20,2,2,1,14,21,248
density_0_nback_0_id_41,41,density_0_nback_0,0,0,1,0,7,76,89
density_0_nback_1_id_41,41,density_0_nback_1,0,1,2,0,13,103,105
density_0_nback_2_id_41,41,density_0_nback_2,0,2,3,3,32,62,163
density_10_nback_0_id_41,41,density_10_nback_0,10,0,5,3,45,37,53
density_10_nback_1_id_41,41,density_10_nback_1,10,1,1,0,8,86,154
density_10_nback_2_id_41,41,density_10_nback_2,10,2,7,7,36,180,194
density_20_nback_0_id_41,41,density_20_nback_0,20,0,1,0,4,223,231
density_20_nback_1_id_41,41,density_20_nback_1,20,1,11,11,57,48,80
density_20_nback_2_id_41,41,density_20_nback_2,20,2,4,4,224,105,343
density_0_nback_0_id_42,42,density_0_nback_0,0,0,2,4,3,67,80
density_0_nback_1_id_42,42,density_0_nback_1,0,1,3,3,7,70,72
density_0_nback_2_id_42,42,density_0_nback_2,0,2,1,0,6,174,211
density_10_nback_0_id_42,42,density_10_nback_0,10,0,3,2,18,79,101
density_10_nback_1_id_42,42,density_10_nback_1,10,1,3,1,14,77,185
density_10_nback_2_id_42,42,density_10_nback_2,10,2,3,2,9,53,65
density_20_nback_0_id_42,42,density_20_nback_0,20,0,3,2,30,180,189
density_20_nback_1_id_42,42,density_20_nback_1,20,1,9,9,33,70,103
density_20_nback_2_id_42,42,density_20_nback_2,20,2,7,5,45,36,273
density_0_nback_0_id_43,43,density_0_nback_0,0,0,3,12,7,86,101
density_0_nback_1_id_43,43,density_0_nback_1,0,1,6,3,19,101,103
density_0_nback_2_id_43,43,density_0_nback_2,0,2,3,3,10,57,139
density_10_nback_0_id_43,43,density_10_nback_0,10,0,5,4,22,35,68
density_10_nback_1_id_43,43,density_10_nback_1,10,1,2,1,14,59,168
density_10_nback_2_id_43,43,density_10_nback_2,10,2,4,1,28,49,64
density_20_nback_0_id_43,43,density_20_nback_0,20,0,1,0,5,181,194
density_20_nback_1_id_43,43,density_20_nback_1,20,1,9,10,31,37,89
density_20_nback_2_id_43,43,density_20_nback_2,20,2,3,2,14,13,258
density_0_nback_0_id_44,44,density_0_nback_0,0,0,2,0,3,74,81
density_0_nback_1_id_44,44,density_0_nback_1,0,1,2,0,3,69,70
density_0_nback_2_id_44,44,density_0_nback_2,0,2,2,0,11,85,152
density_10_nback_0_id_44,44,density_10_nback_0,10,0,4,4,28,65,77
density_10_nback_1_id_44,44,density_10_nback_1,10,1,3,1,20,50,159
density_10_nback_2_id_44,44,density_10_nback_2,10,2,5,11,17,65,77
density_20_nback_0_id_44,44,density_20_nback_0,20,0,3,1,11,227,231
density_20_nback_1_id_44,44,density_20_nback_1,20,1,8,9,24,37,91
density_20_nback_2_id_44,44,density_20_nback_2,20,2,3,3,6,22,232
density_0_nback_0_id_45,45,density_0_nback_0,0,0,2,0,7,264,287
density_0_nback_1_id_45,45,density_0_nback_1,0,1,2,2,5,80,83
density_0_nback_2_id_45,45,density_0_nback_2,0,2,2,1,11,131,160
density_10_nback_0_id_45,45,density_10_nback_0,10,0,6,6,23,53,78
density_10_nback_1_id_45,45,density_10_nback_1,10,1,4,2,19,210,304
density_10_nback_2_id_45,45,density_10_nback_2,10,2,5,3,19,64,85
density_20_nback_0_id_45,45,density_20_nback_0,20,0,3,0,11,215,235
density_20_nback_1_id_45,45,density_20_nback_1,20,1,6,4,29,49,94
density_20_nback_2_id_45,45,density_20_nback_2,20,2,4,1,13,27,274
density_0_nback_0_id_46,46,density_0_nback_0,0,0,2,1,5,83,100
density_0_nback_1_id_46,46,density_0_nback_1,0,1,3,0,5,97,97
density_0_nback_2_id_46,46,density_0_nback_2,0,2,3,0,10,97,163
density_10_nback_0_id_46,46,density_10_nback_0,10,0,4,4,12,55,79
density_10_nback_1_id_46,46,density_10_nback_1,10,1,2,0,5,27,159
density_10_nback_2_id_46,46,density_10_nback_2,10,2,3,2,11,57,69
density_20_nback_0_id_46,46,density_20_nback_0,20,0,2,0,4,122,126
density_20_nback_1_id_46,46,density_20_nback_1,20,1,10,10,34,58,90
density_20_nback_2_id_46,46,density_20_nback_2,20,2,7,5,21,8,216
density_0_nback_0_id_47,47,density_0_nback_0,0,0,4,4,16,82,101
density_0_nback_1_id_47,47,density_0_nback_1,0,1,2,0,6,116,119
density_0_nback_2_id_47,47,density_0_nback_2,0,2,2,0,9,82,178
density_10_nback_0_id_47,47,density_10_nback_0,10,0,5,5,45,44,66
density_10_nback_1_id_47,47,density_10_nback_1,10,1,1,0,11,85,189
density_10_nback_2_id_47,47,density_10_nback_2,10,2,3,2,10,58,73
density_20_nback_0_id_47,47,density_20_nback_0,20,0,1,0,14,181,190
density_20_nback_1_id_47,47,density_20_nback_1,20,1,9,8,30,25,90
density_20_nback_2_id_47,47,density_20_nback_2,20,2,4,2,20,33,236
density_0_nback_0_id_48,48,density_0_nback_0,0,0,6,7,13,87,112
density_0_nback_1_id_48,48,density_0_nback_1,0,1,3,1,12,124,124
density_0_nback_2_id_48,48,density_0_nback_2,0,2,1,0,2,110,223
density_10_nback_0_id_48,48,density_10_nback_0,10,0,3,4,15,65,95
density_10_nback_1_id_48,48,density_10_nback_1,10,1,10,6,20,181,229
density_10_nback_2_id_48,48,density_10_nback_2,10,2,7,6,44,82,99
density_20_nback_0_id_48,48,density_20_nback_0,20,0,5,1,14,233,244
density_20_nback_1_id_48,48,density_20_nback_1,20,1,8,8,17,60,138
density_20_nback_2_id_48,48,density_20_nback_2,20,2,4,4,12,39,246
density_0_nback_0_id_49,49,density_0_nback_0,0,0,2,0,14,57,75
density_0_nback_1_id_49,49,density_0_nback_1,0,1,0,0,0,170,170
density_0_nback_2_id_49,49,density_0_nback_2,0,2,1,0,5,64,164
density_10_nback_0_id_49,49,density_10_nback_0,10,0,6,4,22,39,61
density_10_nback_1_id_49,49,density_10_nback_1,10,1,1,0,7,148,197
density_10_nback_2_id_49,49,density_10_nback_2,10,2,5,4,13,105,117
density_20_nback_0_id_49,49,density_20_nback_0,20,0,3,1,4,217,237
density_20_nback_1_id_49,49,density_20_nback_1,20,1,4,1,12,72,106
density_20_nback_2_id_49,49,density_20_nback_2,20,2,12,4,26,44,291
density_0_nback_0_id_50,50,density_0_nback_0,0,0,2,0,16,68,81
density_0_nback_1_id_50,50,density_0_nback_1,0,1,1,0,0,90,91
density_0_nback_2_id_50,50,density_0_nback_2,0,2,1,0,8,83,171
density_10_nback_0_id_50,50,density_10_nback_0,10,0,2,2,10,28,55
density_10_nback_1_id_50,50,density_10_nback_1,10,1,4,2,10,85,175
density_10_nback_2_id_50,50,density_10_nback_2,10,2,5,3,20,71,77
density_20_nback_0_id_50,50,density_20_nback_0,20,0,3,1,17,178,189
density_20_nback_1_id_50,50,density_20_nback_1,20,1,8,9,23,32,93
density_20_nback_2_id_50,50,density_20_nback_2,20,2,5,2,20,23,263
density_0_nback_0_id_51,51,density_0_nback_0,0,0,5,4,19,77,105
density_0_nback_1_id_51,51,density_0_nback_1,0,1,1,0,0,89,91
density_0_nback_2_id_51,51,density_0_nback_2,0,2,2,0,11,102,163
density_10_nback_0_id_51,51,density_10_nback_0,10,0,5,3,22,51,67
density_10_nback_1_id_51,51,density_10_nback_1,10,1,5,2,16,83,191
density_10_nback_2_id_51,51,density_10_nback_2,10,2,5,3,13,108,119
density_20_nback_0_id_51,51,density_20_nback_0,20,0,3,0,7,216,224
density_20_nback_1_id_51,51,density_20_nback_1,20,1,13,10,120,70,98
density_20_nback_2_id_51,51,density_20_nback_2,20,2,4,2,17,15,245
density_0_nback_0_id_52,52,density_0_nback_0,0,0,1,0,1,79,88
density_0_nback_1_id_52,52,density_0_nback_1,0,1,3,2,13,90,91
density_0_nback_2_id_52,52,density_0_nback_2,0,2,3,3,8,77,114
density_10_nback_0_id_52,52,density_10_nback_0,10,0,5,3,29,68,114
density_10_nback_1_id_52,52,density_10_nback_1,10,1,2,0,5,68,231
density_10_nback_2_id_52,52,density_10_nback_2,10,2,3,1,17,27,43
density_20_nback_0_id_52,52,density_20_nback_0,20,0,2,0,6,207,213
density_20_nback_1_id_52,52,density_20_nback_1,20,1,11,14,59,78,136
density_20_nback_2_id_52,52,density_20_nback_2,20,2,11,2,233,37,319
density_0_nback_0_id_53,53,density_0_nback_0,0,0,2,2,3,56,66
density_0_nback_1_id_53,53,density_0_nback_1,0,1,2,0,3,93,93
density_0_nback_2_id_53,53,density_0_nback_2,0,2,1,0,12,107,181
density_10_nback_0_id_53,53,density_10_nback_0,10,0,3,6,22,28,38
density_10_nback_1_id_53,53,density_10_nback_1,10,1,2,1,15,67,154
density_10_nback_2_id_53,53,density_10_nback_2,10,2,8,5,23,62,73
density_20_nback_0_id_53,53,density_20_nback_0,20,0,2,0,4,176,184
density_20_nback_1_id_53,53,density_20_nback_1,20,1,5,3,12,32,56
density_20_nback_2_id_53,53,density_20_nback_2,20,2,1,0,5,17,244
density_0_nback_0_id_54,54,density_0_nback_0,0,0,1,0,5,82,96
density_0_nback_1_id_54,54,density_0_nback_1,0,1,1,0,0,73,76
density_0_nback_2_id_54,54,density_0_nback_2,0,2,1,0,5,118,156
density_10_nback_0_id_54,54,density_10_nback_0,10,0,3,3,11,39,57
density_10_nback_1_id_54,54,density_10_nback_1,10,1,2,1,11,67,197
density_10_nback_2_id_54,54,density_10_nback_2,10,2,4,3,12,33,47
density_20_nback_0_id_54,54,density_20_nback_0,20,0,2,0,3,218,229
density_20_nback_1_id_54,54,density_20_nback_1,20,1,1,0,5,36,69
density_20_nback_2_id_54,54,density_20_nback_2,20,2,4,2,13,13,248
density_0_nback_0_id_55,55,density_0_nback_0,0,0,3,2,10,80,94
density_0_nback_1_id_55,55,density_0_nback_1,0,1,2,0,3,131,131
density_0_nback_2_id_55,55,density_0_nback_2,0,2,2,0,11,130,200
density_10_nback_0_id_55,55,density_10_nback_0,10,0,4,3,12,30,51
density_10_nback_1_id_55,55,density_10_nback_1,10,1,3,0,9,66,187
density_10_nback_2_id_55,55,density_10_nback_2,10,2,2,1,18,61,81
density_20_nback_0_id_55,55,density_20_nback_0,20,0,3,0,13,198,206
density_20_nback_1_id_55,55,density_20_nback_1,20,1,6,6,23,61,93
density_20_nback_2_id_55,55,density_20_nback_2,20,2,7,3,97,44,322
density_0_nback_0_id_56,56,density_0_nback_0,0,0,2,0,6,73,90
density_0_nback_1_id_56,56,density_0_nback_1,0,1,2,0,3,83,85
density_0_nback_2_id_56,56,density_0_nback_2,0,2,4,5,18,99,146
density_10_nback_0_id_56,56,density_10_nback_0,10,0,3,3,26,33,50
density_10_nback_1_id_56,56,density_10_nback_1,10,1,2,0,16,83,186
density_10_nback_2_id_56,56,density_10_nback_2,10,2,5,2,19,42,48
density_20_nback_0_id_56,56,density_20_nback_0,20,0,4,1,24,244,251
density_20_nback_1_id_56,56,density_20_nback_1,20,1,7,7,26,76,112
density_20_nback_2_id_56,56,density_20_nback_2,20,2,4,3,13,23,232
density_0_nback_0_id_57,57,density_0_nback_0,0,0,1,0,3,78,93
density_0_nback_1_id_57,57,density_0_nback_1,0,1,1,0,0,90,90
density_0_nback_2_id_57,57,density_0_nback_2,0,2,1,0,10,105,142
density_10_nback_0_id_57,57,density_10_nback_0,10,0,2,3,14,27,37
density_10_nback_1_id_57,57,density_10_nback_1,10,1,3,1,6,71,210
density_10_nback_2_id_57,57,density_10_nback_2,10,2,2,1,30,39,47
density_20_nback_0_id_57,57,density_20_nback_0,20,0,2,1,6,206,209
density_20_nback_1_id_57,57,density_20_nback_1,20,1,5,17,17,45,100
density_20_nback_2_id_57,57,density_20_nback_2,20,2,1,0,5,13,234
