variable,layer,current_definition,observable_in_d003,source_supported,directly_measured,inferred,explicit_assumption,model_condition,usable_in_r3b,usable_in_future_synthesis,blocked_reason,provenance_source,uncertainty_representation,human_review_note
TOR time,TRANSITION,protocol-resolved Time_Takeover_Request (26 multi-TOR trials resolved by the protocol rule; 6 unresolved),YES,YES,YES,NO,NO,NO,YES (clock origin t = 0),YES,,R1 ingestion; R2B populations (TOR_ANCHORED 492); D003 dictionary,"event timestamp at 20 Hz; multi-TOR sensitivity (R2B, 472 single-TOR)","Same event in R2 and R3 (TOR = clock origin). Multi-TOR rule does not change conclusions (R2B, R2C)."
t_button,HUMAN,Manual_Start − TOR (mode-switch event marker),YES,YES,YES,NO,NO,NO,NO,YES (as event-timing descriptor only),estimates TOR → authority transfer only under the documented (unverified) Manual_Start design intent; never a braking or control-input time,"R2B/R2C; median 1.65 s, IQR 1.25–2.00, n = 492","empirical distribution; within-participant exposure slope −0.033 s/exposure (95% CI −0.058, −0.007)",Must not be mapped onto t1 (effective braking) or authority transfer.
t1,HUMAN x TRANSITION,TOR → effective human braking command (R3B model quantity),NO,NO,NO,NO,YES,NO,YES (assumption interval 1.15–3.0 s; supplement 4.0 s),CONDITIONAL (assumption only),effective braking onset not observable: control channels not driver-only (B17),R3B §3 / registry P02; lower end = R157 Annex 3 benchmark (not a takeover measurement),explicit assumption interval; dominant driver of R3B width,"No D003 or public source identifies it for takeovers; t_button, Manual_Start and meta-analysis takeover time are different quantities."
t2,VEHICLE,brake actuation delay after the braking command,NO,YES,NO,NO,NO,NO,YES (0.05–0.17 s),YES (generic hydraulic vehicle interval),D003 simulator vehicle undocumented (V21),"registry P08; S20 (prior-phase record), S01, S04",source-supported interval,"Generic passenger-car evidence, not the D003 vehicle."
t3,VEHICLE x HUMAN,deceleration build-up time (human pedal application × vehicle),NO,PARTIAL,NO,NO,YES,NO,YES (assumption interval 0.3–1.2 s),CONDITIONAL (assumption only),human pedal dynamics dominate; vehicle-only t3 not separable; D003 brake channel not driver-only (B17),"registry P09; informed by S02, S04",explicit assumption interval,"Informed by, not measured from, instrumented stops."
first human input,HUMAN,"first human input on any control, whatever its effect (E_first_human_input)",NO,NO,NO,NO,NO,NO,NO,NO,latent: first channel activity is not attributable to the driver (B17),SYSTEM_EVENT_REGISTRY,not represented,E_first_channel_activity is observable but is not this event.
effective human control,HUMAN x TRANSITION,first human input that changes motion on a channel the human has authority over,NO,NO,NO,NO,YES,YES,YES (= t1 by model definition),CONDITIONAL (assumption only),"latent in D003 (B17, B7)",SYSTEM_EVENT_REGISTRY; R3B timeline,assumption interval via t1,Identical to t1 only inside the R3B model.
authority transfer,TRANSITION,instant the automation's longitudinal command ends and the driver's command becomes the one applied (exclusive handover),NO,PARTIAL,NO,NO,YES,YES,"YES (at effective control, or f·t1 with f ∈ [0, 1])",CONDITIONAL (assumption only),not directly observable; documented design intent: Manual_Start switches to manual mode and enables manual inputs (dictionary; S17); behaviour unverified,"R3B-0 spec; R157 §6.2.5, §6.3 (S02, S31); registry P24",explicit assumption (f interval),"Must not be equated with TOR. Candidate: Manual_Start under documented design intent, pending internal verification."
braking command magnitude,HUMAN x VEHICLE,fraction u of vehicle braking capability commanded after effective control,NO,NO,NO,NO,NO,YES,"YES (u = 1, capability bound)",NO as behaviour; CONDITIONAL as capability bound,driver braking strength not observable (B17); crash evidence abstract-level and other context,R3B model condition; registry P14 (blocked),fixed at 1,"u = 1 is a bound, not observed behaviour."
a_pre,VEHICLE x TRANSITION,"net deceleration between TOR and effective human braking; policy before authority, vehicle-only after",PARTIAL,PARTIAL,NO,NO,YES,YES,"YES (P0/P1/P2 branches; drag source-supported, a_sup assumed)",CONDITIONAL,D003 vehicle kinematics observable but window (effective control) and authorship of actuation undocumented (B17 cell-specific pattern),"R3A §4; R3B §2; EPA drag (S07); registry P03, P06, P25",branch-wise intervals,Policy-dependent; not an EV/ICE property.
a_max,VEHICLE,braking capability on a reference surface,NO,YES,NO,NO,NO,NO,YES (6.43–9.1 m/s²),YES (generic interval),"D003 maximum deceleration is achieved kinematics, not capability; vehicle undocumented","registry P10; S01, S04",source-supported interval,Capability ≠ achieved deceleration.
friction μ,HAZARD,tyre-road friction; caps braking at μg,NO,PARTIAL,NO,NO,YES (0.5),YES (a ≤ μg),YES (1.0 / 0.5 scenario values),CONDITIONAL (scenario axis),simulator friction not reported,R3B §3; registry P12,scenario values,"μ = 0.5 is a scenario assumption, not a wet-road measurement."
speed,HAZARD,ego speed at TOR,YES,YES,YES,NO,NO,NO,YES (60/100/130 km/h grid),YES,,"R2A vehicle_speed_at_tor (median 25.0 m/s, 19.2–27.8, n = 492); R3B grid",observed per trial; scenario grid,D003 speed differs by cell (B11).
TTC,HAZARD,distance to collision / ego speed; T_available^brake at TOR (constant-velocity reference),YES,YES,YES,NO,NO,NO,YES (2/3/5/7/10 s grid),YES,channel invalid when stopped (B13),D003 dictionary; R1; R3B grid,observed within domain; scenario grid,TTC alone is not the hazard state.
hazard distance,HAZARD,gap from ego to hazard station,PARTIAL,PARTIAL,YES,NO,NO,NO,YES (derived v0·TTC),CONDITIONAL,hazard reference point / geometry undocumented (B10),D003 distance_to_collision; R3B,observed channel; derived in model,
lane-change onset,HUMAN x HAZARD,"validated lane-crossing time (the observable is the crossing, not the onset of steering)",PARTIAL,YES,YES,NO,NO,NO,NO,CONDITIONAL (S2 outcome timing only),"steering onset not attributable (B17); geometry and gaps unknown (B10, B5)","R1/R2A validated lane change; TOR → lane change median 6.40 s, IQR 5.45–7.70, n = 477",empirical distribution,Not effective longitudinal control; not steering onset.
manoeuvre completion,HUMAN x HAZARD,no validated definition (T_stable withdrawn),NO,NO,NO,NO,NO,NO,NO,NO,no defensible completion/stabilisation definition within the handback window,R0/R2 withdrawals,not represented,Needs a definition before any S2/S3 outcome.
Manual_Stop / handback,HUMAN x TRANSITION,first Time_Manual_Stop after Manual_Start; protocol competing event / observation boundary,YES,YES,YES,NO,NO,NO,NO,YES (observation boundary only),"12 trials with multiple values (B14); protocol-driven, not recovery completion",R2B handback: TOR → handback median 18.85 s,empirical distribution,Must not be read as recovery completion or stabilisation.
steering escape-path availability,HAZARD,whether a collision-free lateral path exists over the manoeuvre window,NO,NO,NO,NO,NO,YES (R3B assumes none),NO (braking-only condition),NO until geometry and gaps are identified,"hazard geometry (B10), laneGap semantics (B5), adjacent-lane zero semantics unresolved",HAZARD_STATE_MATRIX H10,not represented,"D003 drivers changed lanes in 499/513 trials: an escape path existed in practice, but it cannot be parameterised."
participant covariates,HUMAN,"self-reported experience, mileage, driving and ADAS frequency",YES,YES,YES,NO,NO,NO,NO,YES (associational descriptors only),no association survives Holm; secondary re-analysis; questionnaire-id join strongly supported but not explicit,R2C,Spearman ρ with bootstrap CI,
repeated exposure,HUMAN,within-participant trial position 1–9,YES,YES,YES,NO,NO,NO,NO,YES (associational descriptor),,R2B/R2C,slope with cluster-robust CI,Modest; not explained by carry-over; not causal learning.
