v0,t_buildup,a_coast,t_crit_w0_sim,t_crit_w0_ana,t_crit_w1_sim,t_crit_w1_ana,delta_t_crit_sim,delta_t_crit_ana,delta_d_stop_ana
20.0,0.0,0.0,2.2764735221862793,2.276470588235294,2.2764735221862793,2.276470588235294,0.0,0.0,0.0
20.0,0.0,1.0,2.2764735221862793,2.276470588235294,2.131770133972168,2.131764705882353,-0.14470338821411133,-0.14470588235294102,-2.8941176470588275
20.0,0.0,2.0,2.2764735221862793,2.276470588235294,1.9929461479187012,1.9929411764705882,-0.2835273742675781,-0.2835294117647058,-5.670588235294119
20.0,0.0,3.0,2.2764735221862793,2.276470588235294,1.860001564025879,1.86,-0.4164719581604004,-0.4164705882352939,-8.329411764705881
20.0,0.0,4.0,2.2764735221862793,2.276470588235294,1.7329435348510742,1.7329411764705882,-0.5435299873352051,-0.5435294117647058,-10.870588235294122
20.0,0.1,0.0,2.326798915863037,2.326293504901961,2.326798915863037,2.326293504901961,0.0,0.0,0.0
20.0,0.1,1.0,2.326798915863037,2.326293504901961,2.179563522338867,2.1790876225490194,-0.14723539352416992,-0.1472058823529414,-2.9441176470588317
20.0,0.1,2.0,2.326798915863037,2.326293504901961,2.038214683532715,2.0377640931372545,-0.28858423233032227,-0.28852941176470637,-5.770588235294127
20.0,0.1,3.0,2.326798915863037,2.326293504901961,1.90275239944458,1.9023229166666666,-0.42404651641845703,-0.4239705882352942,-8.479411764705887
20.0,0.1,4.0,2.326798915863037,2.326293504901961,1.7731695175170898,1.7727640931372548,-0.5536293983459473,-0.553529411764706,-11.070588235294125
20.0,0.2,0.0,2.3762660026550293,2.375762254901961,2.3762660026550293,2.375762254901961,0.0,0.0,0.0
20.0,0.2,1.0,2.3762660026550293,2.375762254901961,2.226534366607666,2.2260563725490194,-0.14973163604736328,-0.14970588235294136,-2.994117647058829
20.0,0.2,2.0,2.3762660026550293,2.375762254901961,2.0826892852783203,2.0822328431372545,-0.293576717376709,-0.29352941176470626,-5.870588235294122
20.0,0.2,3.0,2.3762660026550293,2.375762254901961,1.9447236061096191,1.9442916666666665,-0.43154239654541016,-0.4314705882352943,-8.629411764705885
20.0,0.2,4.0,2.3762660026550293,2.375762254901961,1.8126373291015625,1.8122328431372547,-0.5636286735534668,-0.5635294117647061,-11.27058823529412
20.0,0.3,0.0,2.425382614135742,2.4248768382352943,2.425382614135742,2.4248768382352943,0.0,0.0,0.0
20.0,0.3,1.0,2.425382614135742,2.4248768382352943,2.2731475830078125,2.272670955882353,-0.1522350311279297,-0.1522058823529413,-3.044117647058826
20.0,0.3,2.0,2.425382614135742,2.4248768382352943,2.1267991065979004,2.1263474264705886,-0.2985835075378418,-0.2985294117647057,-5.970588235294116
20.0,0.3,3.0,2.425382614135742,2.4248768382352943,1.9863371849060059,1.98590625,-0.43904542922973633,-0.43897058823529433,-8.779411764705884
20.0,0.3,4.0,2.425382614135742,2.4248768382352943,1.8517475128173828,1.8513474264705885,-0.5736351013183594,-0.5735294117647058,-11.470588235294116
20.0,0.4,0.0,2.4741415977478027,2.473637254901961,2.4741415977478027,2.4736372549019605,0.0,-4.440892098500626e-16,-7.105427357601002e-15
20.0,0.4,1.0,2.4741415977478027,2.473637254901961,2.3194103240966797,2.3189313725490193,-0.15473127365112305,-0.1547058823529417,-3.0941176470588303
20.0,0.4,2.0,2.4741415977478027,2.473637254901961,2.170558452606201,2.170107843137255,-0.30358314514160156,-0.30352941176470605,-6.070588235294117
20.0,0.4,3.0,2.4741415977478027,2.473637254901961,2.0275931358337402,2.027166666666667,-0.4465484619140625,-0.44647058823529395,-8.929411764705883
20.0,0.4,4.0,2.4741415977478027,2.473637254901961,1.8905143737792969,1.8901078431372547,-0.5836272239685059,-0.5835294117647063,-11.670588235294126
20.0,0.5,0.0,2.522550106048584,2.522043504901961,2.522550106048584,2.5220435049019607,0.0,-4.440892098500626e-16,-7.105427357601002e-15
20.0,0.5,1.0,2.522550106048584,2.522043504901961,2.3653154373168945,2.3648376225490195,-0.15723466873168945,-0.15720588235294164,-3.1441176470588275
20.0,0.5,2.0,2.522550106048584,2.522043504901961,2.2139673233032227,2.213514093137255,-0.30858278274536133,-0.3085294117647064,-6.170588235294126
20.0,0.5,3.0,2.522550106048584,2.522043504901961,2.0684986114501953,2.0680729166666665,-0.45405149459838867,-0.4539705882352947,-9.079411764705888
20.0,0.5,4.0,2.522550106048584,2.522043504901961,1.9289164543151855,1.9285140931372546,-0.5936336517333984,-0.5935294117647065,-11.870588235294129
20.0,0.6,0.0,2.570600986480713,2.5700955882352945,2.570600986480713,2.5700955882352945,0.0,0.0,0.0
20.0,0.6,1.0,2.570600986480713,2.5700955882352945,2.41087007522583,2.410389705882353,-0.1597309112548828,-0.15970588235294159,-3.1941176470588317
20.0,0.6,2.0,2.570600986480713,2.5700955882352945,2.257018566131592,2.2565661764705878,-0.3135824203491211,-0.3135294117647067,-6.270588235294127
20.0,0.6,3.0,2.570600986480713,2.5700955882352945,2.109053611755371,2.108625,-0.4615473747253418,-0.4614705882352945,-9.229411764705887
20.0,0.6,4.0,2.570600986480713,2.5700955882352945,1.966968059539795,1.9665661764705882,-0.603632926940918,-0.6035294117647063,-12.070588235294125
20.0,0.7,0.0,2.6182942390441895,2.617793504901961,2.6182942390441895,2.617793504901961,0.0,0.0,0.0
20.0,0.7,1.0,2.6182942390441895,2.617793504901961,2.4560670852661133,2.4555876225490194,-0.16222715377807617,-0.16220588235294153,-3.244117647058829
20.0,0.7,2.0,2.6182942390441895,2.617793504901961,2.2997193336486816,2.2992640931372548,-0.3185749053955078,-0.31852941176470617,-6.370588235294122
20.0,0.7,3.0,2.6182942390441895,2.617793504901961,2.1492509841918945,2.1488229166666666,-0.4690432548522949,-0.46897058823529436,-9.379411764705885
20.0,0.7,4.0,2.6182942390441895,2.617793504901961,2.004669189453125,2.004264093137255,-0.6136250495910645,-0.6135294117647061,-12.27058823529412
30.0,0.0,0.0,2.8647069931030273,2.864705882352941,2.8647069931030273,2.864705882352941,0.0,0.0,0.0
30.0,0.0,1.0,2.8647069931030273,2.864705882352941,2.729022979736328,2.7290196078431372,-0.13568401336669922,-0.13568627450980397,-4.07058823529411
30.0,0.0,2.0,2.8647069931030273,2.864705882352941,2.5972585678100586,2.597254901960784,-0.26744842529296875,-0.2674509803921574,-8.023529411764713
30.0,0.0,3.0,2.8647069931030273,2.864705882352941,2.4694137573242188,2.4694117647058826,-0.3952932357788086,-0.3952941176470586,-11.858823529411751
30.0,0.0,4.0,2.8647069931030273,2.864705882352941,2.3454957008361816,2.3454901960784316,-0.5192112922668457,-0.5192156862745096,-15.576470588235281
30.0,0.1,0.0,2.9150896072387695,2.9145878267973857,2.9150896072387695,2.9145878267973857,0.0,0.0,0.0
30.0,0.1,1.0,2.9150896072387695,2.9145878267973857,2.7777247428894043,2.7772348856209153,-0.13736486434936523,-0.13735294117647046,-4.1205882352941074
30.0,0.1,2.0,2.9150896072387695,2.9145878267973857,2.6442723274230957,2.6438035130718958,-0.27081727981567383,-0.27078431372548994,-8.123529411764693
30.0,0.1,3.0,2.9150896072387695,2.9145878267973857,2.51474666595459,2.5142937091503272,-0.4003429412841797,-0.40029411764705847,-12.008823529411757
30.0,0.1,4.0,2.9150896072387695,2.9145878267973857,2.3891406059265137,2.3887054738562097,-0.5259490013122559,-0.525882352941176,-15.776470588235284
30.0,0.2,0.0,2.964735507965088,2.9642336601307187,2.964735507965088,2.9642336601307187,0.0,0.0,0.0
30.0,0.2,1.0,2.964735507965088,2.9642336601307187,2.8257040977478027,2.8252140522875817,-0.13903141021728516,-0.13901960784313694,-4.170588235294119
30.0,0.2,2.0,2.964735507965088,2.9642336601307187,2.690585136413574,2.6901160130718953,-0.27415037155151367,-0.27411764705882335,-8.223529411764702
30.0,0.2,3.0,2.964735507965088,2.9642336601307187,2.5593929290771484,2.55893954248366,-0.40534257888793945,-0.4052941176470588,-12.158823529411762
30.0,0.2,4.0,2.964735507965088,2.9642336601307187,2.4321203231811523,2.431684640522876,-0.5326151847839355,-0.5325490196078428,-15.976470588235287
30.0,0.3,0.0,3.0141453742980957,3.013643382352941,3.0141453742980957,3.013643382352941,0.0,0.0,0.0
30.0,0.3,1.0,3.0141453742980957,3.013643382352941,2.8734474182128906,2.872957107843137,-0.14069795608520508,-0.14068627450980387,-4.220588235294116
30.0,0.3,2.0,3.0141453742980957,3.013643382352941,2.736661911010742,2.736192401960784,-0.2774834632873535,-0.27745098039215677,-8.32352941176471
30.0,0.3,3.0,3.0141453742980957,3.013643382352941,2.6038031578063965,2.6033492647058827,-0.4103422164916992,-0.41029411764705825,-12.308823529411754
30.0,0.3,4.0,3.0141453742980957,3.013643382352941,2.4748640060424805,2.4744276960784313,-0.5392813682556152,-0.5392156862745097,-16.17647058823529
30.0,0.4,0.0,3.063319206237793,3.062816993464052,3.063319206237793,3.062816993464052,0.0,0.0,0.0
30.0,0.4,1.0,3.063319206237793,3.062816993464052,2.920947551727295,2.920464052287582,-0.14237165451049805,-0.1423529411764699,-4.270588235294099
30.0,0.4,2.0,3.063319206237793,3.062816993464052,2.7825026512145996,2.7820326797385624,-0.28081655502319336,-0.28078431372548973,-8.42352941176469
30.0,0.4,3.0,3.063319206237793,3.062816993464052,2.647977352142334,2.647522875816994,-0.415341854095459,-0.41529411764705815,-12.458823529411745
30.0,0.4,4.0,3.063319206237793,3.062816993464052,2.517371654510498,2.5169346405228756,-0.5459475517272949,-0.5458823529411765,-16.376470588235293
30.0,0.5,0.0,3.1122570037841797,3.111754493464052,3.1122570037841797,3.1117544934640526,0.0,4.440892098500626e-16,1.4210854715202004e-14
30.0,0.5,1.0,3.1122570037841797,3.111754493464052,2.9682188034057617,2.967734885620915,-0.14403820037841797,-0.14401960784313728,-4.32058823529411
30.0,0.5,2.0,3.1122570037841797,3.111754493464052,2.8281073570251465,2.8276368464052286,-0.2841496467590332,-0.2841176470588236,-8.523529411764699
30.0,0.5,3.0,3.1122570037841797,3.111754493464052,2.691915512084961,2.6914603758169933,-0.42034149169921875,-0.42029411764705893,-12.608823529411765
30.0,0.5,4.0,3.1122570037841797,3.111754493464052,2.559643268585205,2.5592054738562093,-0.5526137351989746,-0.5525490196078429,-16.57647058823528
30.0,0.6,0.0,3.160958766937256,3.160455882352941,3.160958766937256,3.160455882352941,0.0,0.0,0.0
30.0,0.6,1.0,3.160958766937256,3.160455882352941,3.015254020690918,3.014769607843137,-0.1457047462463379,-0.1456862745098042,-4.370588235294122
30.0,0.6,2.0,3.160958766937256,3.160455882352941,2.873476028442383,2.873004901960784,-0.28748273849487305,-0.287450980392157,-8.623529411764707
30.0,0.6,3.0,3.160958766937256,3.160455882352941,2.7356176376342773,2.735161764705883,-0.4253411293029785,-0.4252941176470584,-12.758823529411757
30.0,0.6,4.0,3.160958766937256,3.160455882352941,2.6016788482666016,2.601240196078431,-0.5592799186706543,-0.5592156862745101,-16.7764705882353
30.0,0.7,0.0,3.2094244956970215,3.208921160130719,3.2094244956970215,3.208921160130719,0.0,0.0,0.0
30.0,0.7,1.0,3.2094244956970215,3.208921160130719,3.0620532035827637,3.0615682189542484,-0.1473712921142578,-0.1473529411764707,-4.420588235294119
30.0,0.7,2.0,3.2094244956970215,3.208921160130719,2.9186086654663086,2.9181368464052286,-0.2908158302307129,-0.2907843137254904,-8.723529411764702
30.0,0.7,3.0,3.2094244956970215,3.208921160130719,2.779083728790283,2.7786270424836603,-0.4303407669067383,-0.4302941176470587,-12.908823529411762
30.0,0.7,4.0,3.2094244956970215,3.208921160130719,2.6434783935546875,2.6430388071895425,-0.565946102142334,-0.5658823529411765,-16.976470588235287
